Target ceiling (kWh),Target ceiling (%),Expected cost (€),Expected charging (€),Expected penalty (€),Expected penalty min,Expected energy charged (kWh)
5.0,0.125,290.7215787363141,0.44397168305791146,290.2776070532556,17.41665642319536,8.875056808776467
10.0,0.25,94.69918397978816,0.22077380704109884,94.47841017274716,5.668704610364824,11.975472581616854
15.0,0.375,20.87834107695228,0.17940124802555227,20.698939828926747,1.2419363897356046,15.699131472032727
20.0,0.5,3.18343341353636,0.21226594626823117,2.9711674672681276,0.17827004803608773,20.024842617891245
25.0,0.625,0.7616289297013493,0.2779184561453226,0.48371047355602753,0.029022628413361666,24.745971136225045
30.0,0.75,0.6080675576929516,0.3674083605061376,0.2406591971868136,0.014439551831208824,29.6621207108797
35.0,0.875,0.6776318965555573,0.48346315974151655,0.19416873681404065,0.011650124208842445,34.65171921060659
40.0,1.0,0.7979021140061038,0.6286186757219848,0.1692834382841187,0.010157006297047131,39.64800978557601
